"""0"", ""Berlin"", ""52.516667"", ""13.4"", ""Germany"", ""DE"", ""Berlin"", ""primary"", ""3406000"", ""3094014"", ""2020-08-20"", ""2020-08-20"""
"""0"", ""Stuttgart"", ""48.782343"", ""9.180819"", ""Germany"", ""DE"", ""Stuttgart"", ""admin"", ""2944700"", ""606588"", ""2020-08-20"", ""2020-08-20"""
"""0"", ""Frankfurt"", ""50.11552"", ""8.684167"", ""Germany"", ""DE"", ""Frankfurt"", ""minor"", ""2895000"", ""679664"", ""2020-08-20"", ""2020-08-20"""
"""0"", ""Mannheim"", ""49.496706"", ""8.479547"", ""Germany"", ""DE"", ""Mannheim"", ""minor"", ""2362000"", ""313174"", ""2020-08-20"", ""2020-08-20"""
"""0"", ""Hamburg"", ""53.575323"", ""10.01534"", ""Germany"", ""DE"", ""Hamburg"", ""admin"", ""1757000"", ""1739117"", ""2020-08-20"", ""2020-08-20"""
"""0"", ""Essen"", ""51.45657"", ""7.012282"", ""Germany"", ""DE"", ""Essen"", ""minor"", ""1742135"", ""573468"", ""2020-08-20"", ""2020-08-20"""
"""0"", ""Duisburg"", ""51.432469"", ""6.765161"", ""Germany"", ""DE"", ""Duisburg"", ""minor"", ""1276757"", ""488005"", ""2020-08-20"", ""2020-08-20"""
"""0"", ""Munich"", ""48.15"", ""11.583333"", ""Germany"", ""DE"", ""Munich"", ""admin"", ""1275000"", ""1260391"", ""2020-08-20"", ""2020-08-20"""
"""0"", ""Duesseldorf"", ""51.228304"", ""6.793849"", ""Germany"", ""DE"", ""Duesseldorf"", ""admin"", ""1220000"", ""592393"", ""2020-08-20"", ""2020-08-20"""
"""0"", ""Cologne"", ""50.933333"", ""6.95"", ""Germany"", ""DE"", ""Cologne"", """", ""1004000"", ""963395"", ""2020-08-20"", ""2020-08-20"""
"""0"", ""Wuppertal"", ""51.270268"", ""7.167553"", ""Germany"", ""DE"", ""Wuppertal"", ""minor"", ""776525"", ""349470"", ""2020-08-20"", ""2020-08-20"""
"""0"", ""Saarbruecken"", ""49.235396"", ""6.981646"", ""Germany"", ""DE"", ""Saarbruecken"", ""admin"", ""770001"", ""175741"", ""2020-08-20"", ""2020-08-20"""
"""0"", ""Marienberg"", ""49.486021"", ""11.086156"", ""Germany"", ""DE"", ""Marienberg"", """", ""737304"", ""499237"", ""2020-08-20"", ""2020-08-20"""
"""0"", ""Bremen"", ""53.073789"", ""8.826754"", ""Germany"", ""DE"", ""Bremen"", ""admin"", ""724909"", ""546501"", ""2020-08-20"", ""2020-08-20"""
"""0"", ""Hannover"", ""52.38497"", ""9.737141"", ""Germany"", ""DE"", ""Hannover"", ""admin"", ""722490"", ""515140"", ""2020-08-20"", ""2020-08-20"""
"""0"", ""Bonn"", ""50.73438"", ""7.095485"", ""Germany"", ""DE"", ""Bonn"", ""minor"", ""680543"", ""313125"", ""2020-08-20"", ""2020-08-20"""
"""0"", ""Dresden"", ""51.048562"", ""13.745794"", ""Germany"", ""DE"", ""Dresden"", ""admin"", ""617515"", ""486854"", ""2020-08-20"", ""2020-08-20"""
"""0"", ""Wiesbaden"", ""50.082582"", ""8.249322"", ""Germany"", ""DE"", ""Wiesbaden"", ""admin"", ""617126"", ""272432"", ""2020-08-20"", ""2020-08-20"""
"""0"", ""Dortmund"", ""51.514942"", ""7.465997"", ""Germany"", ""DE"", ""Dortmund"", ""minor"", ""588462"", ""588462"", ""2020-08-20"", ""2020-08-20"""
"""0"", ""Leipzig"", ""51.34419"", ""12.386504"", ""Germany"", ""DE"", ""Leipzig"", ""minor"", ""542529"", ""504971"", ""2020-08-20"", ""2020-08-20"""
"""0"", ""Heidelberg"", ""49.404123"", ""8.683733"", ""Germany"", ""DE"", ""Heidelberg"", ""minor"", ""426590"", ""143345"", ""2020-08-20"", ""2020-08-20"""
"""0"", ""Karlsruhe"", ""49.009365"", ""8.40444"", ""Germany"", ""DE"", ""Karlsruhe"", ""minor"", ""377487"", ""283799"", ""2020-08-20"", ""2020-08-20"""
"""0"", ""Augsburg"", ""48.371538"", ""10.898514"", ""Germany"", ""DE"", ""Augsburg"", ""minor"", ""358989"", ""259196"", ""2020-08-20"", ""2020-08-20"""
"""0"", ""Bielefeld"", ""52.028332"", ""8.542002"", ""Germany"", ""DE"", ""Bielefeld"", ""minor"", ""331906"", ""291573"", ""2020-08-20"", ""2020-08-20"""
"""0"", ""Koblenz"", ""50.353573"", ""7.578835"", ""Germany"", ""DE"", ""Koblenz"", ""minor"", ""312633"", ""107319"", ""2020-08-20"", ""2020-08-20"""
"""0"", ""Altchemnitz"", ""50.811536"", ""12.912827"", ""Germany"", ""DE"", ""Altchemnitz"", """", ""302643"", ""247220"", ""2020-08-20"", ""2020-08-20"""
"""0"", ""Kassel"", ""51.313782"", ""9.484645"", ""Germany"", ""DE"", ""Kassel"", ""minor"", ""289924"", ""194501"", ""2020-08-20"", ""2020-08-20"""
"""0"", ""Muenster"", ""51.961114"", ""7.624239"", ""Germany"", ""DE"", ""Muenster"", ""minor"", ""270184"", ""237041"", ""2020-08-20"", ""2020-08-20"""
"""0"", ""Kiel"", ""54.312145"", ""10.135526"", ""Germany"", ""DE"", ""Kiel"", ""admin"", ""269427"", ""232758"", ""2020-08-20"", ""2020-08-20"""
"""0"", ""Freiburg"", ""47.996861"", ""7.84973"", ""Germany"", ""DE"", ""Freiburg"", ""minor"", ""254889"", ""215966"", ""2020-08-20"", ""2020-08-20"""
"""0"", ""Braunschweig"", ""52.265939"", ""10.526726"", ""Germany"", ""DE"", ""Braunschweig"", ""minor"", ""244715"", ""235054"", ""2020-08-20"", ""2020-08-20"""
"""0"", ""Fuerth"", ""49.48121"", ""10.96762"", ""Germany"", ""DE"", ""Fuerth"", ""minor"", ""237844"", ""112025"", ""2020-08-20"", ""2020-08-20"""
"""0"", ""Luebeck"", ""53.86687"", ""10.688367"", ""Germany"", ""DE"", ""Luebeck"", ""minor"", ""235390"", ""212207"", ""2020-08-20"", ""2020-08-20"""
"""0"", ""Osnabrueck"", ""52.272642"", ""8.049799"", ""Germany"", ""DE"", ""Osnabrueck"", ""minor"", ""231268"", ""166462"", ""2020-08-20"", ""2020-08-20"""
"""0"", ""Magdeburg"", ""52.127731"", ""11.629163"", ""Germany"", ""DE"", ""Magdeburg"", ""admin"", ""229826"", ""224931"", ""2020-08-20"", ""2020-08-20"""
"""0"", ""Potsdam"", ""52.402247"", ""13.057122"", ""Germany"", ""DE"", ""Potsdam"", ""admin"", ""218095"", ""145292"", ""2020-08-20"", ""2020-08-20"""
"""0"", ""Erfurt"", ""50.978695"", ""11.032831"", ""Germany"", ""DE"", ""Erfurt"", ""admin"", ""203254"", ""175476"", ""2020-08-20"", ""2020-08-20"""
"""0"", ""Rostock"", ""54.086813"", ""12.113453"", ""Germany"", ""DE"", ""Rostock"", """", ""203080"", ""198293"", ""2020-08-20"", ""2020-08-20"""
"""0"", ""Mainz"", ""49.984188"", ""8.279096"", ""Germany"", ""DE"", ""Mainz"", ""admin"", ""184997"", ""184997"", ""2020-08-20"", ""2020-08-20"""
"""0"", ""Ulm"", ""48.397053"", ""9.968956"", ""Germany"", ""DE"", ""Ulm"", ""minor"", ""172955"", ""120451"", ""2020-08-20"", ""2020-08-20"""
"""0"", ""Wuerzburg"", ""49.793912"", ""9.951214"", ""Germany"", ""DE"", ""Wuerzburg"", ""minor"", ""168561"", ""133731"", ""2020-08-20"", ""2020-08-20"""
"""0"", ""Oldenburg"", ""53.141178"", ""8.214674"", ""Germany"", ""DE"", ""Oldenburg"", ""minor"", ""167458"", ""159218"", ""2020-08-20"", ""2020-08-20"""
"""0"", ""Regensburg"", ""49.034512"", ""12.119234"", ""Germany"", ""DE"", ""Regensburg"", ""minor"", ""164359"", ""129151"", ""2020-08-20"", ""2020-08-20"""
"""0"", ""Ingolstadt"", ""48.765081"", ""11.423725"", ""Germany"", ""DE"", ""Ingolstadt"", ""minor"", ""163325"", ""120658"", ""2020-08-20"", ""2020-08-20"""
"""0"", ""Goettingen"", ""51.539334"", ""9.934057"", ""Germany"", ""DE"", ""Goettingen"", ""minor"", ""139419"", ""122149"", ""2020-08-20"", ""2020-08-20"""
"""0"", ""Bremerhaven"", ""53.550209"", ""8.576735"", ""Germany"", ""DE"", ""Bremerhaven"", ""minor"", ""137751"", ""117446"", ""2020-08-20"", ""2020-08-20"""
"""0"", ""Cottbus"", ""51.757691"", ""14.328875"", ""Germany"", ""DE"", ""Cottbus"", ""minor"", ""105067"", ""84754"", ""2020-08-20"", ""2020-08-20"""
"""0"", ""Jena"", ""50.928782"", ""11.589901"", ""Germany"", ""DE"", ""Jena"", ""minor"", ""104712"", ""95171"", ""2020-08-20"", ""2020-08-20"""
"""0"", ""Gera"", ""50.875507"", ""12.083296"", ""Germany"", ""DE"", ""Gera"", ""minor"", ""104659"", ""103055"", ""2020-08-20"", ""2020-08-20"""
"""0"", ""Flensburg"", ""54.78431"", ""9.439611"", ""Germany"", ""DE"", ""Flensburg"", ""minor"", ""97930"", ""85838"", ""2020-08-20"", ""2020-08-20"""
"""0"", ""Schwerin"", ""53.628373"", ""11.409462"", ""Germany"", ""DE"", ""Schwerin"", ""admin"", ""96641"", ""96641"", ""2020-08-20"", ""2020-08-20"""
"""0"", ""Rosenheim"", ""47.857316"", ""12.119255"", ""Germany"", ""DE"", ""Rosenheim"", ""minor"", ""92809"", ""60167"", ""2020-08-20"", ""2020-08-20"""
"""0"", ""Gieueen"", ""50.58727"", ""8.675536"", ""Germany"", ""DE"", ""Gieueen"", ""minor"", ""82358"", ""74411"", ""2020-08-20"", ""2020-08-20"""
"""0"", ""Stralsund"", ""54.315823"", ""13.088588"", ""Germany"", ""DE"", ""Stralsund"", ""minor"", ""61368"", ""58976"", ""2020-08-20"", ""2020-08-20"""
"""0"", ""Coburg"", ""50.259366"", ""10.963843"", ""Germany"", ""DE"", ""Coburg"", """", ""61054"", ""41901"", ""2020-08-20"", ""2020-08-20"""
"""0"", ""Hofeck"", ""50.330895"", ""11.892585"", ""Germany"", ""DE"", ""Hofeck"", """", ""56153"", ""49239"", ""2020-08-20"", ""2020-08-20"""
"""0"", ""Emden"", ""53.367454"", ""7.207776"", ""Germany"", ""DE"", ""Emden"", ""minor"", ""51526"", ""48046"", ""2020-08-20"", ""2020-08-20"""
"""0"", ""Detmold"", ""51.943277"", ""8.872182"", ""Germany"", ""DE"", ""Detmold"", ""minor"", """", """", ""20-20"", ""20-20"""
"""0"", ""Mei??en"", ""51.15"", ""13.483333"", ""Germany"", ""DE"", ""Mei??en"", ""minor"", """", """", ""20-20"", ""20-20"""
"""0"", ""Kitzingen"", ""49.739731"", ""10.150719"", ""Germany"", ""DE"", ""Kitzingen"", ""minor"", """", """", ""20-20"", ""20-20"""
"""0"", ""Dingolfing"", ""48.62958"", ""12.497606"", ""Germany"", ""DE"", ""Dingolfing"", ""minor"", """", """", ""20-20"", ""20-20"""
"""0"", ""Heppenheim"", ""49.641447"", ""8.632063"", ""Germany"", ""DE"", ""Heppenheim"", ""minor"", """", """", ""20-20"", ""20-20"""
"""0"", ""Torgau"", ""51.56016"", ""12.996166"", ""Germany"", ""DE"", ""Torgau"", ""minor"", """", """", ""20-20"", ""20-20"""
"""0"", ""Hanau"", ""50.134229"", ""8.914176"", ""Germany"", ""DE"", ""Hanau"", ""minor"", """", """", ""20-20"", ""20-20"""
"""0"", ""Husum"", ""54.482518"", ""9.059913"", ""Germany"", ""DE"", ""Husum"", ""minor"", """", """", ""20-20"", ""20-20"""
"""0"", ""Schwandorf"", ""49.32534"", ""12.109795"", ""Germany"", ""DE"", ""Schwandorf"", ""minor"", """", """", ""20-20"", ""20-20"""
"""0"", ""Bitburg"", ""49.967937"", ""6.527343"", ""Germany"", ""DE"", ""Bitburg"", ""minor"", """", """", ""20-20"", ""20-20"""
"""0"", ""Cham"", ""49.225651"", ""12.655013"", ""Germany"", ""DE"", ""Cham"", ""minor"", """", """", ""20-20"", ""20-20"""
"""0"", ""Traunstein"", ""47.868247"", ""12.643347"", ""Germany"", ""DE"", ""Traunstein"", ""minor"", """", """", ""20-20"", ""20-20"""
"""0"", ""Luechow"", ""52.968114"", ""11.153968"", ""Germany"", ""DE"", ""Luechow"", ""minor"", """", """", ""20-20"", ""20-20"""
"""0"", ""Gifhorn"", ""52.477743"", ""10.551095"", ""Germany"", ""DE"", ""Gifhorn"", ""minor"", """", """", ""20-20"", ""20-20"""
"""0"", ""Biberach"", ""48.099942"", ""9.786893"", ""Germany"", ""DE"", ""Biberach"", ""minor"", """", """", ""20-20"", ""20-20"""
"""0"", ""Bad Reichenhall"", ""Reichenhall, 47.729467"", ""12.878193"", ""Germany"", ""DE"", ""Bad Reichenhall"", ""minor"", """", """", ""20-20"", ""20-20"""
"""0"", ""Keunzelsau"", ""49.281802"", ""9.683525"", ""Germany"", ""DE"", ""Keunzelsau"", ""minor"", """", """", ""20-20"", ""20-20"""
"""0"", ""Weiueenburg"", ""49.030564"", ""10.972771"", ""Germany"", ""DE"", ""Weiueenburg"", ""minor"", """", """", ""20-20"", ""20-20"""
"""0"", ""Regen"", ""48.971901"", ""13.128243"", ""Germany"", ""DE"", ""Regen"", ""minor"", """", """", ""20-20"", ""20-20"""
"""0"", ""Nuremberg"", ""49.447778"", ""11.068333"", ""Germany"", ""DE"", ""Nuremberg"", ""minor"", """", """", ""20-20"", ""20-20"""
"""0"", ""Aurich"", ""53.469193"", ""7.482319"", ""Germany"", ""DE"", ""Aurich"", ""minor"", """", """", ""20-20"", ""20-20"""
"""0"", ""Nordhorn"", ""52.432784"", ""7.068896"", ""Germany"", ""DE"", ""Nordhorn"", ""minor"", """", """", ""20-20"", ""20-20"""
"""0"", ""Aichach"", ""48.461421"", ""11.134257"", ""Germany"", ""DE"", ""Aichach"", ""minor"", """", """", ""20-20"", ""20-20"""
"""0"", ""Marburg"", ""50.809044"", ""8.770694"", ""Germany"", ""DE"", ""Marburg"", ""minor"", """", """", ""20-20"", ""20-20"""
"""0"", ""Goerlitz"", ""51.166667"", ""15.0"", ""Germany"", ""DE"", ""Goerlitz"", ""minor"", """", """", ""20-20"", ""20-20"""
"""0"", ""Vechta"", ""52.726324"", ""8.285982"", ""Germany"", ""DE"", ""Vechta"", ""minor"", """", """", ""20-20"", ""20-20"""
"""0"", ""Trier"", ""49.75979"", ""6.636628"", ""Germany"", ""DE"", ""Trier"", ""minor"", """", """", ""20-20"", ""20-20"""
"""0"", ""Pirmasens"", ""49.204106"", ""7.603486"", ""Germany"", ""DE"", ""Pirmasens"", ""minor"", """", """", ""20-20"", ""20-20"""
"""0"", ""Pirna"", ""50.958054"", ""13.938197"", ""Germany"", ""DE"", ""Pirna"", ""minor"", """", """", ""20-20"", ""20-20"""
"""0"", ""Neustadt"", ""49.350089"", ""8.138863"", ""Germany"", ""DE"", ""Neustadt"", ""minor"", """", """", ""20-20"", ""20-20"""
"""0"", ""Beeskow"", ""52.17291"", ""14.245973"", ""Germany"", ""DE"", ""Beeskow"", ""minor"", """", """", ""20-20"", ""20-20"""
"""0"", ""Westerstede"", ""53.256822"", ""7.927372"", ""Germany"", ""DE"", ""Westerstede"", ""minor"", """", """", ""20-20"", ""20-20"""
"""0"", ""Verden"", ""52.923425"", ""9.234908"", ""Germany"", ""DE"", ""Verden"", ""minor"", """", """", ""20-20"", ""20-20"""
"""0"", ""Worms"", ""49.632784"", ""8.359164"", ""Germany"", ""DE"", ""Worms"", ""minor"", """", """", ""20-20"", ""20-20"""
"""0"", ""Dueren"", ""50.804337"", ""6.492988"", ""Germany"", ""DE"", ""Dueren"", ""minor"", """", """", ""20-20"", ""20-20"""
"""0"", ""Landsberg"", ""48.047642"", ""10.869584"", ""Germany"", ""DE"", ""Landsberg"", ""minor"", """", """", ""20-20"", ""20-20"""
"""0"", ""Ludwigsburg"", ""48.893886"", ""9.195419"", ""Germany"", ""DE"", ""Ludwigsburg"", ""minor"", """", """", ""20-20"", ""20-20"""
"""0"", ""Meiningen"", ""50.570435"", ""10.417231"", ""Germany"", ""DE"", ""Meiningen"", ""minor"", """", """", ""20-20"", ""20-20"""
"""0"", ""Siegen"", ""50.874815"", ""8.02431"", ""Germany"", ""DE"", ""Siegen"", ""minor"", """", """", ""20-20"", ""20-20"""
"""0"", ""Deggendorf"", ""48.840855"", ""12.960676"", ""Germany"", ""DE"", ""Deggendorf"", ""minor"", """", """", ""20-20"", ""20-20"""
"""0"", ""Peine"", ""52.319277"", ""10.2352"", ""Germany"", ""DE"", ""Peine"", ""minor"", """", """", ""20-20"", ""20-20"""
"""0"", ""Frankfurt (Oder)"", ""Oder), 52.344312"", ""14.53498"", ""Germany"", ""DE"", ""Frankfurt (Oder)"", ""minor"", """", """", ""20-20"", ""20-20"""
"""0"", ""Nienburg"", ""52.646102"", ""9.220856"", ""Germany"", ""DE"", ""Nienburg"", ""minor"", """", """", ""20-20"", ""20-20"""
"""0"", ""Brake"", ""53.326867"", ""8.480492"", ""Germany"", ""DE"", ""Brake"", ""minor"", """", """", ""20-20"", ""20-20"""
"""0"", ""Memmingen"", ""47.985359"", ""10.182507"", ""Germany"", ""DE"", ""Memmingen"", ""minor"", """", """", ""20-20"", ""20-20"""
"""0"", ""Kirchheimbolanden"", ""49.662487"", ""8.015131"", ""Germany"", ""DE"", ""Kirchheimbolanden"", ""minor"", """", """", ""20-20"", ""20-20"""
"""0"", ""Tauberbischofsheim"", ""49.624722"", ""9.662778"", ""Germany"", ""DE"", ""Tauberbischofsheim"", ""minor"", """", """", ""20-20"", ""20-20"""
"""0"", ""Emmendingen"", ""48.118466"", ""7.848932"", ""Germany"", ""DE"", ""Emmendingen"", ""minor"", """", """", ""20-20"", ""20-20"""
"""0"", ""Warendorf"", ""51.95109"", ""7.987557"", ""Germany"", ""DE"", ""Warendorf"", ""minor"", """", """", ""20-20"", ""20-20"""
"""0"", ""Bad Segeberg"", ""Segeberg, 53.943131"", ""10.302154"", ""Germany"", ""DE"", ""Bad Segeberg"", ""minor"", """", """", ""20-20"", ""20-20"""
"""0"", ""Rotenburg"", ""53.111251"", ""9.410819"", ""Germany"", ""DE"", ""Rotenburg"", ""minor"", """", """", ""20-20"", ""20-20"""
"""0"", ""Kronach"", ""50.238777"", ""11.33049"", ""Germany"", ""DE"", ""Kronach"", ""minor"", """", """", ""20-20"", ""20-20"""
"""0"", ""Darmstadt"", ""49.871674"", ""8.650271"", ""Germany"", ""DE"", ""Darmstadt"", ""minor"", """", """", ""20-20"", ""20-20"""
"""0"", ""Mindelheim"", ""48.045781"", ""10.492223"", ""Germany"", ""DE"", ""Mindelheim"", ""minor"", """", """", ""20-20"", ""20-20"""
"""0"", ""Bergheim"", ""50.954875"", ""6.64094"", ""Germany"", ""DE"", ""Bergheim"", ""minor"", """", """", ""20-20"", ""20-20"""
"""0"", ""Donauwoerth"", ""48.694951"", ""10.779154"", ""Germany"", ""DE"", ""Donauwoerth"", ""minor"", """", """", ""20-20"", ""20-20"""
"""0"", ""Korbach"", ""51.274307"", ""8.87196"", ""Germany"", ""DE"", ""Korbach"", ""minor"", """", """", ""20-20"", ""20-20"""
"""0"", ""Herzberg"", ""51.691501"", ""13.232048"", ""Germany"", ""DE"", ""Herzberg"", ""minor"", """", """", ""20-20"", ""20-20"""
"""0"", ""Hameln"", ""52.109245"", ""9.365097"", ""Germany"", ""DE"", ""Hameln"", ""minor"", """", """", ""20-20"", ""20-20"""
"""0"", ""Suhl"", ""50.609111"", ""10.694009"", ""Germany"", ""DE"", ""Suhl"", ""minor"", """", """", ""20-20"", ""20-20"""
"""0"", ""Friedberg"", ""50.337391"", ""8.755907"", ""Germany"", ""DE"", ""Friedberg"", ""minor"", """", """", ""20-20"", ""20-20"""
"""0"", ""Hof"", ""50.31622"", ""11.918332"", ""Germany"", ""DE"", ""Hof"", ""minor"", """", """", ""20-20"", ""20-20"""
"""0"", ""Neuburg"", ""48.732181"", ""11.18709"", ""Germany"", ""DE"", ""Neuburg"", ""minor"", """", """", ""20-20"", ""20-20"""
"""0"", ""Bad Kissingen"", ""Kissingen, 50.202278"", ""10.077836"", ""Germany"", ""DE"", ""Bad Kissingen"", ""minor"", """", """", ""20-20"", ""20-20"""
"""0"", ""Viersen"", ""51.254348"", ""6.394414"", ""Germany"", ""DE"", ""Viersen"", ""minor"", """", """", ""20-20"", ""20-20"""
"""0"", ""Birkenfeld"", ""49.652447"", ""7.166679"", ""Germany"", ""DE"", ""Birkenfeld"", ""minor"", """", """", ""20-20"", ""20-20"""
"""0"", ""Bad Fallingbostel"", ""Fallingbostel, 52.866414"", ""9.695579"", ""Germany"", ""DE"", ""Bad Fallingbostel"", ""minor"", """", """", ""20-20"", ""20-20"""
"""0"", ""Halle"", ""51.481473"", ""11.967112"", ""Germany"", ""DE"", ""Halle"", ""minor"", """", """", ""20-20"", ""20-20"""
"""0"", ""Bamberg"", ""49.893174"", ""10.88883"", ""Germany"", ""DE"", ""Bamberg"", ""minor"", """", """", ""20-20"", ""20-20"""
"""0"", ""Fuerstenfeldbruck"", ""48.18662"", ""11.27586"", ""Germany"", ""DE"", ""Fuerstenfeldbruck"", ""minor"", """", """", ""20-20"", ""20-20"""
"""0"", ""Neuss"", ""51.198071"", ""6.685037"", ""Germany"", ""DE"", ""Neuss"", ""minor"", """", """", ""20-20"", ""20-20"""
"""0"", ""Bad Kreuznach"", ""Kreuznach, 49.841396"", ""7.867127"", ""Germany"", ""DE"", ""Bad Kreuznach"", ""minor"", """", """", ""20-20"", ""20-20"""
"""0"", ""Heilbronn"", ""49.13995"", ""9.220541"", ""Germany"", ""DE"", ""Heilbronn"", ""minor"", """", """", ""20-20"", ""20-20"""
"""0"", ""Bad Ems"", ""Ems, 50.332737"", ""7.717548"", ""Germany"", ""DE"", ""Bad Ems"", ""minor"", """", """", ""20-20"", ""20-20"""
"""0"", ""Schwaebisch Hall"", ""Hall, 49.105833"", ""9.734167"", ""Germany"", ""DE"", ""Schwaebisch Hall"", ""minor"", """", """", ""20-20"", ""20-20"""
"""0"", ""Offenburg"", ""48.473768"", ""7.944946"", ""Germany"", ""DE"", ""Offenburg"", ""minor"", """", """", ""20-20"", ""20-20"""
"""0"", ""Saalfeld"", ""50.648259"", ""11.365363"", ""Germany"", ""DE"", ""Saalfeld"", ""minor"", """", """", ""20-20"", ""20-20"""
"""0"", ""Wolfenbuettel"", ""52.164421"", ""10.540946"", ""Germany"", ""DE"", ""Wolfenbuettel"", ""minor"", """", """", ""20-20"", ""20-20"""
"""0"", ""Altenkirchen"", ""50.685945"", ""7.64176"", ""Germany"", ""DE"", ""Altenkirchen"", ""minor"", """", """", ""20-20"", ""20-20"""
"""0"", ""Pforzheim"", ""48.884361"", ""8.698923"", ""Germany"", ""DE"", ""Pforzheim"", ""minor"", """", """", ""20-20"", ""20-20"""
"""0"", ""Guenzburg"", ""48.455989"", ""10.276951"", ""Germany"", ""DE"", ""Guenzburg"", ""minor"", """", """", ""20-20"", ""20-20"""
"""0"", ""Euskirchen"", ""50.660569"", ""6.787224"", ""Germany"", ""DE"", ""Euskirchen"", ""minor"", """", """", ""20-20"", ""20-20"""
"""0"", ""Chemnitz"", ""50.835701"", ""12.929217"", ""Germany"", ""DE"", ""Chemnitz"", ""minor"", """", """", ""20-20"", ""20-20"""
"""0"", ""Rendsburg"", ""54.306634"", ""9.663126"", ""Germany"", ""DE"", ""Rendsburg"", ""minor"", """", """", ""20-20"", ""20-20"""
"""0"", ""Tirschenreuth"", ""49.884428"", ""12.337277"", ""Germany"", ""DE"", ""Tirschenreuth"", ""minor"", """", """", ""20-20"", ""20-20"""
"""0"", ""Offenbach"", ""50.100605"", ""8.766466"", ""Germany"", ""DE"", ""Offenbach"", ""minor"", """", """", ""20-20"", ""20-20"""
"""0"", ""Uelzen"", ""52.96572"", ""10.561106"", ""Germany"", ""DE"", ""Uelzen"", ""minor"", """", """", ""20-20"", ""20-20"""
"""0"", ""Zwickau"", ""50.72724"", ""12.488394"", ""Germany"", ""DE"", ""Zwickau"", ""minor"", """", """", ""20-20"", ""20-20"""
"""0"", ""Schwabach"", ""49.330468"", ""11.023461"", ""Germany"", ""DE"", ""Schwabach"", ""minor"", """", """", ""20-20"", ""20-20"""
"""0"", ""Gelsenkirchen"", ""51.507502"", ""7.122826"", ""Germany"", ""DE"", ""Gelsenkirchen"", ""minor"", """", """", ""20-20"", ""20-20"""
"""0"", ""Mettmann"", ""51.250404"", ""6.975361"", ""Germany"", ""DE"", ""Mettmann"", ""minor"", """", """", ""20-20"", ""20-20"""
"""0"", ""Ravensburg"", ""47.781982"", ""9.61062"", ""Germany"", ""DE"", ""Ravensburg"", ""minor"", """", """", ""20-20"", ""20-20"""
"""0"", ""Leer"", ""53.233724"", ""7.456431"", ""Germany"", ""DE"", ""Leer"", ""minor"", """", """", ""20-20"", ""20-20"""
"""0"", ""Wittmund"", ""53.576739"", ""7.77839"", ""Germany"", ""DE"", ""Wittmund"", ""minor"", """", """", ""20-20"", ""20-20"""
"""0"", ""Ingelheim"", ""49.970782"", ""8.058826"", ""Germany"", ""DE"", ""Ingelheim"", ""minor"", """", """", ""20-20"", ""20-20"""
"""0"", ""Hoexter"", ""51.775814"", ""9.378885"", ""Germany"", ""DE"", ""Hoexter"", ""minor"", """", """", ""20-20"", ""20-20"""
"""0"", ""Oranienburg"", ""52.755772"", ""13.241967"", ""Germany"", ""DE"", ""Oranienburg"", ""minor"", """", """", ""20-20"", ""20-20"""
"""0"", ""Erbach"", ""49.661484"", ""8.994017"", ""Germany"", ""DE"", ""Erbach"", ""minor"", """", """", ""20-20"", ""20-20"""
"""0"", ""Freising"", ""48.402654"", ""11.747976"", ""Germany"", ""DE"", ""Freising"", ""minor"", """", """", ""20-20"", ""20-20"""
"""0"", ""Landau"", ""49.198444"", ""8.116921"", ""Germany"", ""DE"", ""Landau"", ""minor"", """", """", ""20-20"", ""20-20"""
"""0"", ""Stendal"", ""52.606895"", ""11.858671"", ""Germany"", ""DE"", ""Stendal"", ""minor"", """", """", ""20-20"", ""20-20"""
"""0"", ""Balingen"", ""48.277142"", ""8.852118"", ""Germany"", ""DE"", ""Balingen"", ""minor"", """", """", ""20-20"", ""20-20"""
"""0"", ""Reutlingen"", ""48.488779"", ""9.213698"", ""Germany"", ""DE"", ""Reutlingen"", ""minor"", """", """", ""20-20"", ""20-20"""
"""0"", ""Eisenach"", ""50.980701"", ""10.315221"", ""Germany"", ""DE"", ""Eisenach"", ""minor"", """", """", ""20-20"", ""20-20"""
"""0"", ""Tuttlingen"", ""47.984644"", ""8.817702"", ""Germany"", ""DE"", ""Tuttlingen"", ""minor"", """", """", ""20-20"", ""20-20"""
"""0"", ""Neumuenster"", ""54.074773"", ""9.981954"", ""Germany"", ""DE"", ""Neumuenster"", ""minor"", """", """", ""20-20"", ""20-20"""
"""0"", ""Neu-Ulm"", ""Ulm, 48.400724"", ""9.99028"", ""Germany"", ""DE"", ""Neu-Ulm"", ""minor"", """", """", ""20-20"", ""20-20"""
"""0"", ""Koethen"", ""51.751855"", ""11.970928"", ""Germany"", ""DE"", ""Koethen"", ""minor"", """", """", ""20-20"", ""20-20"""
"""0"", ""Schleiz"", ""50.578663"", ""11.810237"", ""Germany"", ""DE"", ""Schleiz"", ""minor"", """", """", ""20-20"", ""20-20"""
"""0"", ""Garmisch-Partenkirchen"", ""Partenkirchen, 47.498475"", ""11.104356"", ""Germany"", ""DE"", ""Garmisch-Partenkirchen"", ""minor"", """", """", ""20-20"", ""20-20"""
"""0"", ""Baden-Baden"", ""Baden, 48.757631"", ""8.242458"", ""Germany"", ""DE"", ""Baden-Baden"", ""minor"", """", """", ""20-20"", ""20-20"""
"""0"", ""Bayreuth"", ""49.947823"", ""11.578935"", ""Germany"", ""DE"", ""Bayreuth"", ""minor"", """", """", ""20-20"", ""20-20"""
"""0"", ""Wunsiedel"", ""50.043134"", ""12.004459"", ""Germany"", ""DE"", ""Wunsiedel"", ""minor"", """", """", ""20-20"", ""20-20"""
"""0"", ""Osterode"", ""51.726856"", ""10.250894"", ""Germany"", ""DE"", ""Osterode"", ""minor"", """", """", ""20-20"", ""20-20"""
"""0"", ""Sankt Wendel"", ""Wendel, 49.466326"", ""7.168142"", ""Germany"", ""DE"", ""Sankt Wendel"", ""minor"", """", """", ""20-20"", ""20-20"""
"""0"", ""Luedenscheid"", ""51.219774"", ""7.6273"", ""Germany"", ""DE"", ""Luedenscheid"", ""minor"", """", """", ""20-20"", ""20-20"""
"""0"", ""Plauen"", ""50.497305"", ""12.137823"", ""Germany"", ""DE"", ""Plauen"", ""minor"", """", """", ""20-20"", ""20-20"""
"""0"", ""Forst"", ""51.735443"", ""14.63971"", ""Germany"", ""DE"", ""Forst"", ""minor"", """", """", ""20-20"", ""20-20"""
"""0"", ""Pfaffenhofen"", ""48.53159"", ""11.506415"", ""Germany"", ""DE"", ""Pfaffenhofen"", ""minor"", """", """", ""20-20"", ""20-20"""
"""0"", ""Bochum"", ""51.481651"", ""7.216482"", ""Germany"", ""DE"", ""Bochum"", ""minor"", """", """", ""20-20"", ""20-20"""
"""0"", ""Weimar"", ""50.980301"", ""11.32903"", ""Germany"", ""DE"", ""Weimar"", ""minor"", """", """", ""20-20"", ""20-20"""
"""0"", ""Wilhelmshaven"", ""53.529977"", ""8.112526"", ""Germany"", ""DE"", ""Wilhelmshaven"", ""minor"", """", """", ""20-20"", ""20-20"""
"""0"", ""Limburg"", ""50.383597"", ""8.050302"", ""Germany"", ""DE"", ""Limburg"", ""minor"", """", """", ""20-20"", ""20-20"""
"""0"", ""Freyung"", ""48.80952"", ""13.547679"", ""Germany"", ""DE"", ""Freyung"", ""minor"", """", """", ""20-20"", ""20-20"""
"""0"", ""Merseburg"", ""51.35478"", ""11.989233"", ""Germany"", ""DE"", ""Merseburg"", ""minor"", """", """", ""20-20"", ""20-20"""
"""0"", ""Halberstadt"", ""51.895617"", ""11.056224"", ""Germany"", ""DE"", ""Halberstadt"", ""minor"", """", """", ""20-20"", ""20-20"""
"""0"", ""Dessau-Rouelau"", ""Rouelau, 51.848277"", ""12.229065"", ""Germany"", ""DE"", ""Dessau-Rouelau"", ""minor"", """", """", ""20-20"", ""20-20"""
"""0"", ""Weiden"", ""49.676824"", ""12.156126"", ""Germany"", ""DE"", ""Weiden"", ""minor"", """", """", ""20-20"", ""20-20"""
"""0"", ""Altenburg"", ""50.987632"", ""12.436838"", ""Germany"", ""DE"", ""Altenburg"", ""minor"", """", """", ""20-20"", ""20-20"""
"""0"", ""Heide"", ""54.195794"", ""9.098797"", ""Germany"", ""DE"", ""Heide"", ""minor"", """", """", ""20-20"", ""20-20"""
"""0"", ""Boeblingen"", ""48.684953"", ""9.029552"", ""Germany"", ""DE"", ""Boeblingen"", ""minor"", """", """", ""20-20"", ""20-20"""
"""0"", ""Kulmbach"", ""50.100684"", ""11.450319"", ""Germany"", ""DE"", ""Kulmbach"", ""minor"", """", """", ""20-20"", ""20-20"""
"""0"", ""Homberg"", ""51.029943"", ""9.402612"", ""Germany"", ""DE"", ""Homberg"", ""minor"", """", """", ""20-20"", ""20-20"""
"""0"", ""Perleberg"", ""53.07583"", ""11.857394"", ""Germany"", ""DE"", ""Perleberg"", ""minor"", """", """", ""20-20"", ""20-20"""
"""0"", ""M??lheim"", ""51.431391"", ""6.883666"", ""Germany"", ""DE"", ""M??lheim"", ""minor"", """", """", ""20-20"", ""20-20"""
"""0"", ""Northeim"", ""51.706616"", ""9.999975"", ""Germany"", ""DE"", ""Northeim"", ""minor"", """", """", ""20-20"", ""20-20"""
"""0"", ""Salzwedel"", ""52.854354"", ""11.152503"", ""Germany"", ""DE"", ""Salzwedel"", ""minor"", """", """", ""20-20"", ""20-20"""
"""0"", ""Cuxhaven"", ""53.866887"", ""8.70168"", ""Germany"", ""DE"", ""Cuxhaven"", ""minor"", """", """", ""20-20"", ""20-20"""
"""0"", ""Ploen"", ""54.162408"", ""10.423328"", ""Germany"", ""DE"", ""Ploen"", ""minor"", """", """", ""20-20"", ""20-20"""
"""0"", ""Muehlhausen"", ""51.208959"", ""10.452753"", ""Germany"", ""DE"", ""Muehlhausen"", ""minor"", """", """", ""20-20"", ""20-20"""
"""0"", ""Kempten"", ""47.732209"", ""10.315858"", ""Germany"", ""DE"", ""Kempten"", ""minor"", """", """", ""20-20"", ""20-20"""
"""0"", ""Guestrow"", ""53.798852"", ""12.178073"", ""Germany"", ""DE"", ""Guestrow"", ""minor"", """", """", ""20-20"", ""20-20"""
"""0"", ""Lichtenfels"", ""50.148152"", ""11.069607"", ""Germany"", ""DE"", ""Lichtenfels"", ""minor"", """", """", ""20-20"", ""20-20"""
"""0"", ""Bad Salzungen"", ""Salzungen, 50.813418"", ""10.236103"", ""Germany"", ""DE"", ""Bad Salzungen"", ""minor"", """", """", ""20-20"", ""20-20"""
"""0"", ""Weilheim"", ""47.841468"", ""11.15484"", ""Germany"", ""DE"", ""Weilheim"", ""minor"", """", """", ""20-20"", ""20-20"""
"""0"", ""Jever"", ""53.573676"", ""7.898061"", ""Germany"", ""DE"", ""Jever"", ""minor"", """", """", ""20-20"", ""20-20"""
"""0"", ""Arnstadt"", ""50.840478"", ""10.95198"", ""Germany"", ""DE"", ""Arnstadt"", ""minor"", """", """", ""20-20"", ""20-20"""
"""0"", ""Lueneburg"", ""53.250897"", ""10.414087"", ""Germany"", ""DE"", ""Lueneburg"", ""minor"", """", """", ""20-20"", ""20-20"""
"""0"", ""Delmenhorst"", ""53.051103"", ""8.630908"", ""Germany"", ""DE"", ""Delmenhorst"", ""minor"", """", """", ""20-20"", ""20-20"""
"""0"", ""Neubrandenburg"", ""53.564144"", ""13.275319"", ""Germany"", ""DE"", ""Neubrandenburg"", ""minor"", """", """", ""20-20"", ""20-20"""
"""0"", ""Bad Duerkheim"", ""Duerkheim, 49.461803"", ""8.172358"", ""Germany"", ""DE"", ""Bad Duerkheim"", ""minor"", """", """", ""20-20"", ""20-20"""
"""0"", ""Greiz"", ""50.657785"", ""12.199182"", ""Germany"", ""DE"", ""Greiz"", ""minor"", """", """", ""20-20"", ""20-20"""
"""0"", ""Altoetting"", ""48.225329"", ""12.676646"", ""Germany"", ""DE"", ""Altoetting"", ""minor"", """", """", ""20-20"", ""20-20"""
"""0"", ""Erding"", ""48.30662"", ""11.907496"", ""Germany"", ""DE"", ""Erding"", ""minor"", """", """", ""20-20"", ""20-20"""
"""0"", ""Luebben"", ""51.938144"", ""13.888258"", ""Germany"", ""DE"", ""Luebben"", ""minor"", """", """", ""20-20"", ""20-20"""
"""0"", ""Holzminden"", ""51.82901"", ""9.45902"", ""Germany"", ""DE"", ""Holzminden"", ""minor"", """", """", ""20-20"", ""20-20"""
"""0"", ""Wetzlar"", ""50.561091"", ""8.50495"", ""Germany"", ""DE"", ""Wetzlar"", ""minor"", """", """", ""20-20"", ""20-20"""
"""0"", ""Soest"", ""51.571657"", ""8.108861"", ""Germany"", ""DE"", ""Soest"", ""minor"", """", """", ""20-20"", ""20-20"""
"""0"", ""Mosbach"", ""49.353573"", ""9.151062"", ""Germany"", ""DE"", ""Mosbach"", ""minor"", """", """", ""20-20"", ""20-20"""
"""0"", ""Heilbad Heiligenstadt"", ""Heiligenstadt, 51.378187"", ""10.137445"", ""Germany"", ""DE"", ""Heilbad Heiligenstadt"", ""minor"", """", """", ""20-20"", ""20-20"""
"""0"", ""Neustadt"", ""49.732873"", ""12.17773"", ""Germany"", ""DE"", ""Neustadt"", ""minor"", """", """", ""20-20"", ""20-20"""
"""0"", ""Calw"", ""48.716828"", ""8.737612"", ""Germany"", ""DE"", ""Calw"", ""minor"", """", """", ""20-20"", ""20-20"""
"""0"", ""Kleve"", ""51.788258"", ""6.138646"", ""Germany"", ""DE"", ""Kleve"", ""minor"", """", """", ""20-20"", ""20-20"""
"""0"", ""Annaberg-Buchholz"", ""Buchholz, 50.579985"", ""13.003333"", ""Germany"", ""DE"", ""Annaberg-Buchholz"", ""minor"", """", """", ""20-20"", ""20-20"""
"""0"", ""Wismar"", ""53.893145"", ""11.452859"", ""Germany"", ""DE"", ""Wismar"", ""minor"", """", """", ""20-20"", ""20-20"""
"""0"", ""Aachen"", ""50.774122"", ""6.084726"", ""Germany"", ""DE"", ""Aachen"", ""minor"", """", """", ""20-20"", ""20-20"""
"""0"", ""Tuebingen"", ""48.533333"", ""9.05"", ""Germany"", ""DE"", ""Tuebingen"", ""minor"", """", """", ""20-20"", ""20-20"""
"""0"", ""Freiberg"", ""50.910894"", ""13.338808"", ""Germany"", ""DE"", ""Freiberg"", ""minor"", """", """", ""20-20"", ""20-20"""
"""0"", ""Moenchengladbach"", ""51.185386"", ""6.441723"", ""Germany"", ""DE"", ""Moenchengladbach"", ""minor"", """", """", ""20-20"", ""20-20"""
"""0"", ""Nordhausen"", ""51.501799"", ""10.795695"", ""Germany"", ""DE"", ""Nordhausen"", ""minor"", """", """", ""20-20"", ""20-20"""
"""0"", ""Krefeld"", ""51.339208"", ""6.586152"", ""Germany"", ""DE"", ""Krefeld"", ""minor"", """", """", ""20-20"", ""20-20"""
"""0"", ""Stadthagen"", ""52.324242"", ""9.205315"", ""Germany"", ""DE"", ""Stadthagen"", ""minor"", """", """", ""20-20"", ""20-20"""
"""0"", ""Hildesheim"", ""52.154122"", ""9.952068"", ""Germany"", ""DE"", ""Hildesheim"", ""minor"", """", """", ""20-20"", ""20-20"""
"""0"", ""Celle"", ""52.61909"", ""10.092232"", ""Germany"", ""DE"", ""Celle"", ""minor"", """", """", ""20-20"", ""20-20"""
"""0"", ""Eberswalde"", ""52.835127"", ""13.82307"", ""Germany"", ""DE"", ""Eberswalde"", ""minor"", """", """", ""20-20"", ""20-20"""
"""0"", ""Recklinghausen"", ""51.61379"", ""7.197381"", ""Germany"", ""DE"", ""Recklinghausen"", ""minor"", """", """", ""20-20"", ""20-20"""
"""0"", ""Eisenberg"", ""50.968602"", ""11.902075"", ""Germany"", ""DE"", ""Eisenberg"", ""minor"", """", """", ""20-20"", ""20-20"""
"""0"", ""Kaufbeuren"", ""47.882382"", ""10.621923"", ""Germany"", ""DE"", ""Kaufbeuren"", ""minor"", """", """", ""20-20"", ""20-20"""
"""0"", ""Soemmerda"", ""51.159143"", ""11.115239"", ""Germany"", ""DE"", ""Soemmerda"", ""minor"", """", """", ""20-20"", ""20-20"""
"""0"", ""Remscheid"", ""51.179829"", ""7.192496"", ""Germany"", ""DE"", ""Remscheid"", ""minor"", """", """", ""20-20"", ""20-20"""
"""0"", ""Greifswald"", ""54.093107"", ""13.387857"", ""Germany"", ""DE"", ""Greifswald"", ""minor"", """", """", ""20-20"", ""20-20"""
"""0"", ""Rastatt"", ""48.858512"", ""8.209645"", ""Germany"", ""DE"", ""Rastatt"", ""minor"", """", """", ""20-20"", ""20-20"""
"""0"", ""Naumburg"", ""51.149871"", ""11.809792"", ""Germany"", ""DE"", ""Naumburg"", ""minor"", """", """", ""20-20"", ""20-20"""
"""0"", ""Lauf"", ""49.51386"", ""11.282474"", ""Germany"", ""DE"", ""Lauf"", ""minor"", """", """", ""20-20"", ""20-20"""
"""0"", ""Amberg"", ""49.442872"", ""11.862672"", ""Germany"", ""DE"", ""Amberg"", ""minor"", """", """", ""20-20"", ""20-20"""
"""0"", ""Ratzeburg"", ""53.694698"", ""10.790845"", ""Germany"", ""DE"", ""Ratzeburg"", ""minor"", """", """", ""20-20"", ""20-20"""
"""0"", ""Bad Homburg"", ""Homburg, 50.229964"", ""8.613056"", ""Germany"", ""DE"", ""Bad Homburg"", ""minor"", """", """", ""20-20"", ""20-20"""
"""0"", ""Neustadt"", ""49.579531"", ""10.611257"", ""Germany"", ""DE"", ""Neustadt"", ""minor"", """", """", ""20-20"", ""20-20"""
"""0"", ""Herne"", ""51.538797"", ""7.225716"", ""Germany"", ""DE"", ""Herne"", ""minor"", """", """", ""20-20"", ""20-20"""
"""0"", ""Sangerhausen"", ""51.472209"", ""11.295333"", ""Germany"", ""DE"", ""Sangerhausen"", ""minor"", """", """", ""20-20"", ""20-20"""
"""0"", ""Forchheim"", ""49.72376"", ""11.068238"", ""Germany"", ""DE"", ""Forchheim"", ""minor"", """", """", ""20-20"", ""20-20"""
"""0"", ""Eutin"", ""54.140541"", ""10.607507"", ""Germany"", ""DE"", ""Eutin"", ""minor"", """", """", ""20-20"", ""20-20"""
"""0"", ""Bad Oldesloe"", ""Oldesloe, 53.809544"", ""10.37997"", ""Germany"", ""DE"", ""Bad Oldesloe"", ""minor"", """", """", ""20-20"", ""20-20"""
"""0"", ""Kelheim"", ""48.921761"", ""11.845459"", ""Germany"", ""DE"", ""Kelheim"", ""minor"", """", """", ""20-20"", ""20-20"""
"""0"", ""Bad Neustadt"", ""Neustadt, 50.324586"", ""10.198731"", ""Germany"", ""DE"", ""Bad Neustadt"", ""minor"", """", """", ""20-20"", ""20-20"""
"""0"", ""Helmstedt"", ""52.230039"", ""11.008984"", ""Germany"", ""DE"", ""Helmstedt"", ""minor"", """", """", ""20-20"", ""20-20"""
"""0"", ""Heinsberg"", ""51.063583"", ""6.0998"", ""Germany"", ""DE"", ""Heinsberg"", ""minor"", """", """", ""20-20"", ""20-20"""
"""0"", ""Zweibruecken"", ""49.246864"", ""7.369766"", ""Germany"", ""DE"", ""Zweibruecken"", ""minor"", """", """", ""20-20"", ""20-20"""
"""0"", ""Hagen"", ""51.360811"", ""7.471679"", ""Germany"", ""DE"", ""Hagen"", ""minor"", """", """", ""20-20"", ""20-20"""
"""0"", ""Montabaur"", ""50.435882"", ""7.823203"", ""Germany"", ""DE"", ""Montabaur"", ""minor"", """", """", ""20-20"", ""20-20"""
"""0"", ""Hauefurt"", ""50.03521"", ""10.515604"", ""Germany"", ""DE"", ""Hauefurt"", ""minor"", """", """", ""20-20"", ""20-20"""
"""0"", ""Pinneberg"", ""53.667324"", ""9.789362"", ""Germany"", ""DE"", ""Pinneberg"", ""minor"", """", """", ""20-20"", ""20-20"""
"""0"", ""Apolda"", ""51.026239"", ""11.51638"", ""Germany"", ""DE"", ""Apolda"", ""minor"", """", """", ""20-20"", ""20-20"""
"""0"", ""Bad Schwalbach"", ""Schwalbach, 50.141956"", ""8.069639"", ""Germany"", ""DE"", ""Bad Schwalbach"", ""minor"", """", """", ""20-20"", ""20-20"""
"""0"", ""Marktoberdorf"", ""47.779637"", ""10.617132"", ""Germany"", ""DE"", ""Marktoberdorf"", ""minor"", """", """", ""20-20"", ""20-20"""
"""0"", ""Winsen"", ""53.357528"", ""10.21282"", ""Germany"", ""DE"", ""Winsen"", ""minor"", """", """", ""20-20"", ""20-20"""
"""0"", ""Wesel"", ""51.666897"", ""6.620367"", ""Germany"", ""DE"", ""Wesel"", ""minor"", """", """", ""20-20"", ""20-20"""
"""0"", ""Landshut"", ""48.529612"", ""12.161791"", ""Germany"", ""DE"", ""Landshut"", ""minor"", """", """", ""20-20"", ""20-20"""
"""0"", ""Alzey"", ""49.746574"", ""8.115128"", ""Germany"", ""DE"", ""Alzey"", ""minor"", """", """", ""20-20"", ""20-20"""
"""0"", ""Homburg"", ""49.326366"", ""7.33867"", ""Germany"", ""DE"", ""Homburg"", ""minor"", """", """", ""20-20"", ""20-20"""
"""0"", ""Passau"", ""48.574308"", ""13.464016"", ""Germany"", ""DE"", ""Passau"", ""minor"", """", """", ""20-20"", ""20-20"""
"""0"", ""Cloppenburg"", ""52.847538"", ""8.045"", ""Germany"", ""DE"", ""Cloppenburg"", ""minor"", """", """", ""20-20"", ""20-20"""
"""0"", ""Miesbach"", ""47.791218"", ""11.833358"", ""Germany"", ""DE"", ""Miesbach"", ""minor"", """", """", ""20-20"", ""20-20"""
"""0"", ""Gotha"", ""50.950945"", ""10.705764"", ""Germany"", ""DE"", ""Gotha"", ""minor"", """", """", ""20-20"", ""20-20"""
"""0"", ""Schwelm"", ""51.286348"", ""7.293884"", ""Germany"", ""DE"", ""Schwelm"", ""minor"", """", """", ""20-20"", ""20-20"""
"""0"", ""Kusel"", ""49.537724"", ""7.404717"", ""Germany"", ""DE"", ""Kusel"", ""minor"", """", """", ""20-20"", ""20-20"""
"""0"", ""Meschede"", ""51.350202"", ""8.283325"", ""Germany"", ""DE"", ""Meschede"", ""minor"", """", """", ""20-20"", ""20-20"""
"""0"", ""Steinfurt"", ""52.135198"", ""7.353441"", ""Germany"", ""DE"", ""Steinfurt"", ""minor"", """", """", ""20-20"", ""20-20"""
"""0"", ""Aschaffenburg"", ""49.977035"", ""9.15214"", ""Germany"", ""DE"", ""Aschaffenburg"", ""minor"", """", """", ""20-20"", ""20-20"""
"""0"", ""Paderborn"", ""51.718127"", ""8.757493"", ""Germany"", ""DE"", ""Paderborn"", ""minor"", """", """", ""20-20"", ""20-20"""
"""0"", ""Karlstadt"", ""49.960341"", ""9.772389"", ""Germany"", ""DE"", ""Karlstadt"", ""minor"", """", """", ""20-20"", ""20-20"""
"""0"", ""Waiblingen"", ""48.831538"", ""9.315456"", ""Germany"", ""DE"", ""Waiblingen"", ""minor"", """", """", ""20-20"", ""20-20"""
"""0"", ""Villingen-Schwenningen"", ""Schwenningen, 48.062262"", ""8.49358"", ""Germany"", ""DE"", ""Villingen-Schwenningen"", ""minor"", """", """", ""20-20"", ""20-20"""
"""0"", ""Rottweil"", ""48.168228"", ""8.618248"", ""Germany"", ""DE"", ""Rottweil"", ""minor"", """", """", ""20-20"", ""20-20"""
"""0"", ""Goeppingen"", ""48.703582"", ""9.656463"", ""Germany"", ""DE"", ""Goeppingen"", ""minor"", """", """", ""20-20"", ""20-20"""
"""0"", ""Eichstoett"", ""48.888543"", ""11.196753"", ""Germany"", ""DE"", ""Eichstoett"", ""minor"", """", """", ""20-20"", ""20-20"""
"""0"", ""Freudenstadt"", ""48.466951"", ""8.41371"", ""Germany"", ""DE"", ""Freudenstadt"", ""minor"", """", """", ""20-20"", ""20-20"""
"""0"", ""Schleswig"", ""54.521561"", ""9.558598"", ""Germany"", ""DE"", ""Schleswig"", ""minor"", """", """", ""20-20"", ""20-20"""
"""0"", ""Erlangen"", ""49.595606"", ""10.994974"", ""Germany"", ""DE"", ""Erlangen"", ""minor"", """", """", ""20-20"", ""20-20"""
"""0"", ""Olpe"", ""51.02899"", ""7.851393"", ""Germany"", ""DE"", ""Olpe"", ""minor"", """", """", ""20-20"", ""20-20"""
"""0"", ""Loerrach"", ""47.616288"", ""7.664842"", ""Germany"", ""DE"", ""Loerrach"", ""minor"", """", """", ""20-20"", ""20-20"""
"""0"", ""Ansbach"", ""49.304808"", ""10.593098"", ""Germany"", ""DE"", ""Ansbach"", ""minor"", """", """", ""20-20"", ""20-20"""
"""0"", ""Wittlich"", ""49.985958"", ""6.89308"", ""Germany"", ""DE"", ""Wittlich"", ""minor"", """", """", ""20-20"", ""20-20"""
"""0"", ""Neuruppin"", ""52.925588"", ""12.804559"", ""Germany"", ""DE"", ""Neuruppin"", ""minor"", """", """", ""20-20"", ""20-20"""
"""0"", ""Sonneberg"", ""50.3592"", ""11.174631"", ""Germany"", ""DE"", ""Sonneberg"", ""minor"", """", """", ""20-20"", ""20-20"""
"""0"", ""Bottrop"", ""51.523918"", ""6.928499"", ""Germany"", ""DE"", ""Bottrop"", ""minor"", """", """", ""20-20"", ""20-20"""
"""0"", ""Ludwigshafen"", ""49.481206"", ""8.446414"", ""Germany"", ""DE"", ""Ludwigshafen"", ""minor"", """", """", ""20-20"", ""20-20"""
"""0"", ""Borken"", ""51.843823"", ""6.857743"", ""Germany"", ""DE"", ""Borken"", ""minor"", """", """", ""20-20"", ""20-20"""
"""0"", ""Starnberg"", ""48.0"", ""11.35"", ""Germany"", ""DE"", ""Starnberg"", ""minor"", """", """", ""20-20"", ""20-20"""
"""0"", ""Gummersbach"", ""51.026079"", ""7.564731"", ""Germany"", ""DE"", ""Gummersbach"", ""minor"", """", """", ""20-20"", ""20-20"""
"""0"", ""Lauterbach"", ""50.635582"", ""9.397773"", ""Germany"", ""DE"", ""Lauterbach"", ""minor"", """", """", ""20-20"", ""20-20"""
"""0"", ""Herford"", ""52.114569"", ""8.67343"", ""Germany"", ""DE"", ""Herford"", ""minor"", """", """", ""20-20"", ""20-20"""
"""0"", ""Rathenow"", ""52.609013"", ""12.346825"", ""Germany"", ""DE"", ""Rathenow"", ""minor"", """", """", ""20-20"", ""20-20"""
"""0"", ""Solingen"", ""51.173433"", ""7.084502"", ""Germany"", ""DE"", ""Solingen"", ""minor"", """", """", ""20-20"", ""20-20"""
"""0"", ""Speyer"", ""49.320833"", ""8.431111"", ""Germany"", ""DE"", ""Speyer"", ""minor"", """", """", ""20-20"", ""20-20"""
"""0"", ""Siegburg"", ""50.800194"", ""7.207693"", ""Germany"", ""DE"", ""Siegburg"", ""minor"", """", """", ""20-20"", ""20-20"""
"""0"", ""Burg"", ""52.271784"", ""11.851402"", ""Germany"", ""DE"", ""Burg"", ""minor"", """", """", ""20-20"", ""20-20"""
"""0"", ""Leverkusen"", ""51.030299"", ""6.984316"", ""Germany"", ""DE"", ""Leverkusen"", ""minor"", """", """", ""20-20"", ""20-20"""
"""0"", ""Unna"", ""51.537945"", ""7.689687"", ""Germany"", ""DE"", ""Unna"", ""minor"", """", """", ""20-20"", ""20-20"""
"""0"", ""Coesfeld"", ""51.943489"", ""7.168094"", ""Germany"", ""DE"", ""Coesfeld"", ""minor"", """", """", ""20-20"", ""20-20"""
"""0"", ""Cochem"", ""50.145108"", ""7.163793"", ""Germany"", ""DE"", ""Cochem"", ""minor"", """", """", ""20-20"", ""20-20"""
"""0"", ""Eschwege"", ""51.183859"", ""10.053294"", ""Germany"", ""DE"", ""Eschwege"", ""minor"", """", """", ""20-20"", ""20-20"""
"""0"", ""Bad Hersfeld"", ""Hersfeld, 50.87197"", ""9.708908"", ""Germany"", ""DE"", ""Bad Hersfeld"", ""minor"", """", """", ""20-20"", ""20-20"""
"""0"", ""Bad Neuenahr-Ahrweiler"", ""Neuenahr-Ahrweiler, 50.543224"", ""7.111305"", ""Germany"", ""DE"", ""Bad Neuenahr-Ahrweiler"", ""minor"", """", """", ""20-20"", ""20-20"""
"""0"", ""Sondershausen"", ""51.369733"", ""10.87011"", ""Germany"", ""DE"", ""Sondershausen"", ""minor"", """", """", ""20-20"", ""20-20"""
"""0"", ""Dachau"", ""48.25838"", ""11.449149"", ""Germany"", ""DE"", ""Dachau"", ""minor"", """", """", ""20-20"", ""20-20"""
"""0"", ""Meppen"", ""52.69085"", ""7.292763"", ""Germany"", ""DE"", ""Meppen"", ""minor"", """", """", ""20-20"", ""20-20"""
"""0"", ""Wolfsburg"", ""52.424516"", ""10.781499"", ""Germany"", ""DE"", ""Wolfsburg"", ""minor"", """", """", ""20-20"", ""20-20"""
"""0"", ""Brandenburg"", ""52.410928"", ""12.551172"", ""Germany"", ""DE"", ""Brandenburg"", ""minor"", """", """", ""20-20"", ""20-20"""
"""0"", ""Sigmaringen"", ""48.088291"", ""9.230327"", ""Germany"", ""DE"", ""Sigmaringen"", ""minor"", """", """", ""20-20"", ""20-20"""
"""0"", ""Sonthofen"", ""47.518213"", ""10.282619"", ""Germany"", ""DE"", ""Sonthofen"", ""minor"", """", """", ""20-20"", ""20-20"""
"""0"", ""Itzehoe"", ""53.92516"", ""9.517306"", ""Germany"", ""DE"", ""Itzehoe"", ""minor"", """", """", ""20-20"", ""20-20"""
"""0"", ""Bergisch Gladbach"", ""Gladbach, 50.985596"", ""7.132985"", ""Germany"", ""DE"", ""Bergisch Gladbach"", ""minor"", """", """", ""20-20"", ""20-20"""
"""0"", ""Dillingen"", ""48.581529"", ""10.495275"", ""Germany"", ""DE"", ""Dillingen"", ""minor"", """", """", ""20-20"", ""20-20"""
"""0"", ""Saarlouis"", ""49.313663"", ""6.751539"", ""Germany"", ""DE"", ""Saarlouis"", ""minor"", """", """", ""20-20"", ""20-20"""
"""0"", ""Gross-Gerau"", ""Gerau, 49.921394"", ""8.48255"", ""Germany"", ""DE"", ""Gross-Gerau"", ""minor"", """", """", ""20-20"", ""20-20"""
"""0"", ""Oberhausen"", ""51.473111"", ""6.880739"", ""Germany"", ""DE"", ""Oberhausen"", ""minor"", """", """", ""20-20"", ""20-20"""
"""0"", ""Goslar"", ""51.917204"", ""10.434446"", ""Germany"", ""DE"", ""Goslar"", ""minor"", """", """", ""20-20"", ""20-20"""
"""0"", ""Neustadt"", ""49.565583"", ""8.843695"", ""Germany"", ""DE"", ""Neustadt"", ""minor"", """", """", ""20-20"", ""20-20"""
"""0"", ""Germersheim"", ""49.223056"", ""8.363889"", ""Germany"", ""DE"", ""Germersheim"", ""minor"", """", """", ""20-20"", ""20-20"""
"""0"", ""Hofheim"", ""50.090194"", ""8.449297"", ""Germany"", ""DE"", ""Hofheim"", ""minor"", """", """", ""20-20"", ""20-20"""
"""0"", ""Ebersberg"", ""48.077878"", ""11.964944"", ""Germany"", ""DE"", ""Ebersberg"", ""minor"", """", """", ""20-20"", ""20-20"""
"""0"", ""Prenzlau"", ""53.316246"", ""13.862611"", ""Germany"", ""DE"", ""Prenzlau"", ""minor"", """", """", ""20-20"", ""20-20"""
"""0"", ""Bad Toelz"", ""Toelz, 47.760761"", ""11.56301"", ""Germany"", ""DE"", ""Bad Toelz"", ""minor"", """", """", ""20-20"", ""20-20"""
"""0"", ""Parchim"", ""53.42718"", ""11.849164"", ""Germany"", ""DE"", ""Parchim"", ""minor"", """", """", ""20-20"", ""20-20"""
"""0"", ""Luckenwalde"", ""52.090293"", ""13.167717"", ""Germany"", ""DE"", ""Luckenwalde"", ""minor"", """", """", ""20-20"", ""20-20"""
"""0"", ""Bernburg"", ""51.794638"", ""11.740096"", ""Germany"", ""DE"", ""Bernburg"", ""minor"", """", """", ""20-20"", ""20-20"""
"""0"", ""Osterholz-Scharmbeck"", ""Scharmbeck, 53.226979"", ""8.79528"", ""Germany"", ""DE"", ""Osterholz-Scharmbeck"", ""minor"", """", """", ""20-20"", ""20-20"""
"""0"", ""Stade"", ""53.593369"", ""9.476292"", ""Germany"", ""DE"", ""Stade"", ""minor"", """", """", ""20-20"", ""20-20"""
"""0"", ""Neumarkt"", ""49.281558"", ""11.457205"", ""Germany"", ""DE"", ""Neumarkt"", ""minor"", """", """", ""20-20"", ""20-20"""
"""0"", ""Salzgitter"", ""52.083333"", ""10.333333"", ""Germany"", ""DE"", ""Salzgitter"", ""minor"", """", """", ""20-20"", ""20-20"""
"""0"", ""Bautzen"", ""51.18035"", ""14.434941"", ""Germany"", ""DE"", ""Bautzen"", ""minor"", """", """", ""20-20"", ""20-20"""
"""0"", ""Hildburghausen"", ""50.426678"", ""10.72889"", ""Germany"", ""DE"", ""Hildburghausen"", ""minor"", """", """", ""20-20"", ""20-20"""
"""0"", ""Heidenheim"", ""48.680587"", ""10.152483"", ""Germany"", ""DE"", ""Heidenheim"", ""minor"", """", """", ""20-20"", ""20-20"""
"""0"", ""Wittenberg"", ""51.86747"", ""12.6377"", ""Germany"", ""DE"", ""Wittenberg"", ""minor"", """", """", ""20-20"", ""20-20"""
"""0"", ""Kaiserslautern"", ""49.442996"", ""7.771614"", ""Germany"", ""DE"", ""Kaiserslautern"", ""minor"", """", """", ""20-20"", ""20-20"""
"""0"", ""Miltenberg"", ""49.704515"", ""9.267253"", ""Germany"", ""DE"", ""Miltenberg"", ""minor"", """", """", ""20-20"", ""20-20"""
"""0"", ""Coburg"", ""50.261359"", ""10.963256"", ""Germany"", ""DE"", ""Coburg"", ""minor"", """", """", ""20-20"", ""20-20"""
"""0"", ""Fulda"", ""50.554729"", ""9.683439"", ""Germany"", ""DE"", ""Fulda"", ""minor"", """", """", ""20-20"", ""20-20"""
"""0"", ""Senftenberg"", ""51.525173"", ""14.001635"", ""Germany"", ""DE"", ""Senftenberg"", ""minor"", """", """", ""20-20"", ""20-20"""
"""0"", ""Muehldorf"", ""48.246695"", ""12.521552"", ""Germany"", ""DE"", ""Muehldorf"", ""minor"", """", """", ""20-20"", ""20-20"""
"""0"", ""Merzig"", ""49.443313"", ""6.638738"", ""Germany"", ""DE"", ""Merzig"", ""minor"", """", """", ""20-20"", ""20-20"""
"""0"", ""Seelow"", ""52.533373"", ""14.380005"", ""Germany"", ""DE"", ""Seelow"", ""minor"", """", """", ""20-20"", ""20-20"""
"""0"", ""Minden"", ""52.289532"", ""8.914552"", ""Germany"", ""DE"", ""Minden"", ""minor"", """", """", ""20-20"", ""20-20"""
"""0"", ""Waldshut-Tiengen"", ""Tiengen, 47.622491"", ""8.199311"", ""Germany"", ""DE"", ""Waldshut-Tiengen"", ""minor"", """", """", ""20-20"", ""20-20"""
"""0"", ""Neunkirchen"", ""49.344493"", ""7.180446"", ""Germany"", ""DE"", ""Neunkirchen"", ""minor"", """", """", ""20-20"", ""20-20"""
"""0"", ""Neuwied"", ""50.433601"", ""7.470566"", ""Germany"", ""DE"", ""Neuwied"", ""minor"", """", """", ""20-20"", ""20-20"""
"""0"", ""Daun"", ""50.197155"", ""6.829418"", ""Germany"", ""DE"", ""Daun"", ""minor"", """", """", ""20-20"", ""20-20"""
"""0"", ""Esslingen"", ""48.7374"", ""9.316551"", ""Germany"", ""DE"", ""Esslingen"", ""minor"", """", """", ""20-20"", ""20-20"""
"""0"", ""Simmern"", ""49.98198"", ""7.523507"", ""Germany"", ""DE"", ""Simmern"", ""minor"", """", """", ""20-20"", ""20-20"""
"""0"", ""Guetersloh"", ""51.906931"", ""8.378535"", ""Germany"", ""DE"", ""Guetersloh"", ""minor"", """", """", ""20-20"", ""20-20"""
"""0"", ""Diepholz"", ""52.607826"", ""8.370051"", ""Germany"", ""DE"", ""Diepholz"", ""minor"", """", """", ""20-20"", ""20-20"""
"""0"", ""Frankenthal"", ""49.534143"", ""8.353574"", ""Germany"", ""DE"", ""Frankenthal"", ""minor"", """", """", ""20-20"", ""20-20"""
"""0"", ""Straubing"", ""48.881259"", ""12.573853"", ""Germany"", ""DE"", ""Straubing"", ""minor"", """", """", ""20-20"", ""20-20"""
"""0"", ""Pfarrkirchen"", ""48.43233"", ""12.938694"", ""Germany"", ""DE"", ""Pfarrkirchen"", ""minor"", """", """", ""20-20"", ""20-20"""
"""0"", ""Hamm"", ""51.673991"", ""7.804448"", ""Germany"", ""DE"", ""Hamm"", ""minor"", """", """", ""20-20"", ""20-20"""
"""0"", ""Haldensleben"", ""52.286851"", ""11.413255"", ""Germany"", ""DE"", ""Haldensleben"", ""minor"", """", """", ""20-20"", ""20-20"""
"""0"", ""Aalen"", ""48.834439"", ""10.091336"", ""Germany"", ""DE"", ""Aalen"", ""minor"", """", """", ""20-20"", ""20-20"""
